name_prov,name_coun,code_coun,code_city,name_city,code_prov,name,id,address,大类,中类,小类,X,Y,X_processed,Y_processed,sub_ID,_timestamp,name_short
浙江省,余杭区,330110,330100,杭州市,330000,阿里巴巴(地铁站),BV11040976,(在建)机场轨道快线,交通设施服务,地铁站,地铁站,120.0156385,30.2823912,120.02,30.28,"(120.02, 30.28)",2021/7/6,阿里巴
浙江省,滨江区,330108,330100,杭州市,330000,奥体中心地铁站H1口,BX10032093,6号线,交通设施服务,地铁站,出入口,120.2272638,30.22432611,120.23,30.22,"(120.23, 30.22)",2021/7/6,奥体中
浙江省,临安区,330112,330100,杭州市,330000,八百里地铁站B口,BX10028987,16号线,交通设施服务,地铁站,出入口,119.7710614,30.26381027,119.77,30.26,"(119.77, 30.26)",2021/7/6,八百里
浙江省,余杭区,330110,330100,杭州市,330000,白洋(地铁站),BV10971059,2号线,交通设施服务,地铁站,地铁站,120.0680818,30.35342957,120.07,30.35,"(120.07, 30.35)",2021/7/6,白洋(
浙江省,拱墅区,330105,330100,杭州市,330000,宝善桥地铁站出入口,BX10029002,5号线,交通设施服务,地铁站,出入口,120.1752543,30.27340111,120.18,30.27,"(120.18, 30.27)",2021/7/6,宝善桥
浙江省,拱墅区,330105,330100,杭州市,330000,北大桥(地铁站),BV11211362,(在建)10号线一期,交通设施服务,地铁站,地铁站,120.1252575,30.30547722,120.13,30.31,"(120.13, 30.31)",2021/7/6,北大桥
浙江省,滨江区,330108,330100,杭州市,330000,滨和路地铁站C口,BX10013626,1号线,交通设施服务,地铁站,出入口,120.2128925,30.20144137,120.21,30.2,"(120.21, 30.2)",2021/7/6,滨和路
浙江省,滨江区,330108,330100,杭州市,330000,滨康路地铁站B口,BX10013529,1号线,交通设施服务,地铁站,出入口,120.2261471,30.18690131,120.23,30.19,"(120.23, 30.19)",2021/7/6,滨康路
浙江省,萧山区,330109,330100,杭州市,330000,博奥路地铁站D口,BX10029020,5号线,交通设施服务,地铁站,出入口,120.2404966,30.18445376,120.24,30.18,"(120.24, 30.18)",2021/7/6,博奥路
浙江省,萧山区,330109,330100,杭州市,330000,博览中心地铁站A1口,BX10031696,6号线,交通设施服务,地铁站,出入口,120.2330081,30.23462765,120.23,30.23,"(120.23, 30.23)",2021/7/6,博览中
浙江省,钱塘区,330114,330100,杭州市,330000,仓北村地铁站C口,BX10033016,8号线,交通设施服务,地铁站,出入口,120.5023488,30.29597145,120.5,30.3,"(120.5, 30.3)",2021/7/6,仓北村
浙江省,萧山区,330109,330100,杭州市,330000,曹家桥(地铁站),BV10338893,2号线,交通设施服务,地铁站,地铁站,120.2634088,30.13697842,120.26,30.14,"(120.26, 30.14)",2021/7/6,曹家桥
浙江省,萧山区,330109,330100,杭州市,330000,朝阳(地铁站),BV10338898,2号线,交通设施服务,地铁站,地铁站,120.2637708,30.12467343,120.26,30.12,"(120.26, 30.12)",2021/7/6,朝阳(
浙江省,拱墅区,330105,330100,杭州市,330000,潮王路(地铁站),BV11009907,(在建)3号线一期,交通设施服务,地铁站,地铁站,120.1545322,30.29151464,120.15,30.29,"(120.15, 30.29)",2021/7/6,潮王路
浙江省,滨江区,330108,330100,杭州市,330000,诚业路地铁站A口,BX10031691,6号线,交通设施服务,地铁站,出入口,120.1661492,30.18921872,120.17,30.19,"(120.17, 30.19)",2021/7/6,诚业路
浙江省,上城区,330102,330100,杭州市,330000,城星路地铁站D口,BX10023621,4号线,交通设施服务,地铁站,出入口,120.2024326,30.24094752,120.2,30.24,"(120.2, 30.24)",2021/7/6,城星路
浙江省,上城区,330102,330100,杭州市,330000,城站(地铁站),BV10187398,1号线;5号线,交通设施服务,地铁站,地铁站,120.1761542,30.24694603,120.18,30.25,"(120.18, 30.25)",2021/7/6,城站(
浙江省,西湖区,330106,330100,杭州市,330000,池华街(地铁站),BV11062308,(在建)4号线二期,交通设施服务,地铁站,地铁站,120.0649443,30.33098869,120.06,30.33,"(120.06, 30.33)",2021/7/6,池华街
浙江省,上城区,330102,330100,杭州市,330000,池塘庙·新麦桥(地铁站),BV11430102,(在建)机场轨道快线,交通设施服务,地铁站,地铁站,120.1941797,30.29999151,120.19,30.3,"(120.19, 30.3)",2021/7/6,池塘庙
浙江省,余杭区,330110,330100,杭州市,330000,储运路(地铁站),BV11062306,(在建)4号线二期,交通设施服务,地铁站,地铁站,120.1240836,30.35603578,120.12,30.36,"(120.12, 30.36)",2021/7/6,储运路
浙江省,余杭区,330110,330100,杭州市,330000,创景路地铁站A2口,BX10028924,5号线,交通设施服务,地铁站,出入口,119.9948355,30.28217439,119.99,30.28,"(119.99, 30.28)",2021/7/6,创景路
浙江省,余杭区,330110,330100,杭州市,330000,创明路(地铁站),BV11009897,(在建)3号线一期,交通设施服务,地铁站,地铁站,120.0014418,30.26443599,120,30.26,"(120, 30.26)",2021/7/6,创明路
浙江省,西湖区,330106,330100,杭州市,330000,翠柏路(地铁站),BV11211368,(在建)10号线一期,交通设施服务,地铁站,地铁站,120.1240799,30.29334519,120.12,30.29,"(120.12, 30.29)",2021/7/6,翠柏路
浙江省,拱墅区,330105,330100,杭州市,330000,打铁关地铁站B口,BX10013531,1号线,交通设施服务,地铁站,出入口,120.1716855,30.28814498,120.17,30.29,"(120.17, 30.29)",2021/7/6,打铁关
浙江省,拱墅区,330105,330100,杭州市,330000,大关(地铁站),BV11009911,(在建)3号线一期,交通设施服务,地铁站,地铁站,120.1439455,30.309899,120.14,30.31,"(120.14, 30.31)",2021/7/6,大关(
浙江省,拱墅区,330105,330100,杭州市,330000,大运河地铁站B口,BX10027029,5号线,交通设施服务,地铁站,出入口,120.126076,30.32175419,120.13,30.32,"(120.13, 30.32)",2021/7/6,大运河
浙江省,上城区,330102,330100,杭州市,330000,丁桥(地铁站),BV11009906,(在建)3号线一期,交通设施服务,地铁站,地铁站,120.2290736,30.35791768,120.23,30.36,"(120.23, 30.36)",2021/7/6,丁桥(
浙江省,上城区,330102,330100,杭州市,330000,定安路地铁站A口,BX10013553,1号线,交通设施服务,地铁站,出入口,120.164045,30.24862922,120.16,30.25,"(120.16, 30.25)",2021/7/6,定安路
浙江省,拱墅区,330105,330100,杭州市,330000,独城生态公园(地铁站),BV11507161,(在建)4号线二期,交通设施服务,地铁站,地铁站,120.1528958,30.35947851,120.15,30.36,"(120.15, 30.36)",2021/7/6,独城生
浙江省,余杭区,330110,330100,杭州市,330000,杜甫村地铁站A口,BX10024516,2号线,交通设施服务,地铁站,出入口,120.0524098,30.3616443,120.05,30.36,"(120.05, 30.36)",2021/7/6,杜甫村
浙江省,拱墅区,330105,330100,杭州市,330000,渡驾桥(地铁站),BV11211363,(在建)10号线一期,交通设施服务,地铁站,地铁站,120.1097153,30.32729862,120.11,30.33,"(120.11, 30.33)",2021/7/6,渡驾桥
浙江省,余杭区,330110,330100,杭州市,330000,墩祥街地铁站B口,BX10024512,2号线,交通设施服务,地铁站,出入口,120.0819805,30.33407501,120.08,30.33,"(120.08, 30.33)",2021/7/6,墩祥街
浙江省,萧山区,330109,330100,杭州市,330000,飞虹路地铁站C口,BX10013710,2号线,交通设施服务,地铁站,出入口,120.2580726,30.23351837,120.26,30.23,"(120.26, 30.23)",2021/7/6,飞虹路
浙江省,萧山区,330109,330100,杭州市,330000,丰北(地铁站),BV10743526,(在建)6号线二期,交通设施服务,地铁站,地铁站,120.2429865,30.24958725,120.24,30.25,"(120.24, 30.25)",2021/7/6,丰北(
浙江省,西湖区,330106,330100,杭州市,330000,丰潭路地铁站B口,BX10024509,2号线,交通设施服务,地铁站,出入口,120.103784,30.28437142,120.1,30.28,"(120.1, 30.28)",2021/7/6,丰潭路
浙江省,西湖区,330106,330100,杭州市,330000,枫桦西路(地铁站),BV10743531,6号线,交通设施服务,地铁站,地铁站,120.0937004,30.15747806,120.09,30.16,"(120.09, 30.16)",2021/7/6,枫桦西
浙江省,钱塘区,330114,330100,杭州市,330000,冯娄村地铁站C口,BX10033006,8号线,交通设施服务,地铁站,出入口,120.5150624,30.29679851,120.52,30.3,"(120.52, 30.3)",2021/7/6,冯娄村
浙江省,拱墅区,330105,330100,杭州市,330000,凤起路地铁站C3口,BX10013593,1号线,交通设施服务,地铁站,出入口,120.1593187,30.26298422,120.16,30.26,"(120.16, 30.26)",2021/7/6,凤起路
浙江省,余杭区,330110,330100,杭州市,330000,凤新路地铁站B口,BX10028898,16号线,交通设施服务,地铁站,出入口,119.9636255,30.26237888,119.96,30.26,"(119.96, 30.26)",2021/7/6,凤新路
浙江省,上城区,330102,330100,杭州市,330000,复兴路地铁站C口,BX10024539,4号线,交通设施服务,地铁站,出入口,120.1596178,30.21280933,120.16,30.21,"(120.16, 30.21)",2021/7/6,复兴路
浙江省,富阳区,330111,330100,杭州市,330000,富阳客运中心地铁站A口,BX10031254,6号线,交通设施服务,地铁站,出入口,119.9324546,30.11417838,119.93,30.11,"(119.93, 30.11)",2021/7/6,富阳客
浙江省,萧山区,330109,330100,杭州市,330000,港城大道(地铁站),BV11472645,1号线,交通设施服务,地铁站,地铁站,120.4208643,30.2729929,120.42,30.27,"(120.42, 30.27)",2021/7/6,港城大
浙江省,拱墅区,330105,330100,杭州市,330000,皋亭坝(地铁站),BV11507163,(在建)4号线二期,交通设施服务,地铁站,地铁站,120.1677119,30.33320999,120.17,30.33,"(120.17, 30.33)",2021/7/6,皋亭坝
浙江省,余杭区,330110,330100,杭州市,330000,高教路(地铁站),BV11009901,(在建)3号线一期,交通设施服务,地铁站,地铁站,120.0148615,30.2453187,120.01,30.25,"(120.01, 30.25)",2021/7/6,高教路
浙江省,富阳区,330111,330100,杭州市,330000,高桥(地铁站),BV10844853,6号线,交通设施服务,地铁站,地铁站,119.9268843,30.09750966,119.93,30.1,"(119.93, 30.1)",2021/7/6,高桥(
浙江省,钱塘区,330114,330100,杭州市,330000,高沙路地铁站D1口,BX10013622,1号线,交通设施服务,地铁站,出入口,120.3313807,30.31147288,120.33,30.31,"(120.33, 30.31)",2021/7/6,高沙路
浙江省,余杭区,330110,330100,杭州市,330000,葛巷(地铁站),BV11197164,5号线,交通设施服务,地铁站,地铁站,119.9941401,30.27281442,119.99,30.27,"(119.99, 30.27)",2021/7/6,葛巷(
浙江省,钱塘区,330114,330100,杭州市,330000,工商大学云滨地铁站D口,BX10032775,8号线,交通设施服务,地铁站,出入口,120.3895729,30.31295108,120.39,30.31,"(120.39, 30.31)",2021/7/6,工商大
浙江省,富阳区,330111,330100,杭州市,330000,公望街地铁站A口,BX10031258,6号线,交通设施服务,地铁站,出入口,119.929213,30.06877476,119.93,30.07,"(119.93, 30.07)",2021/7/6,公望街
浙江省,拱墅区,330105,330100,杭州市,330000,拱宸桥东地铁站C口,BX10027022,5号线,交通设施服务,地铁站,出入口,120.1423864,30.3188133,120.14,30.32,"(120.14, 30.32)",2021/7/6,拱宸桥
浙江省,上城区,330102,330100,杭州市,330000,枸桔弄(地铁站),BV11027463,(在建)6号线二期,交通设施服务,地铁站,地铁站,120.2017527,30.30380864,120.2,30.3,"(120.2, 30.3)",2021/7/6,枸桔弄
浙江省,萧山区,330109,330100,杭州市,330000,姑娘桥地铁站B口,BX10029045,1号线(柯桥段);5号线,交通设施服务,地铁站,出入口,120.3255617,30.17857128,120.33,30.18,"(120.33, 30.18)",2021/7/6,姑娘桥
浙江省,西湖区,330106,330100,杭州市,330000,古翠路地铁站B口,BX10023067,2号线,交通设施服务,地铁站,出入口,120.1127,30.28462388,120.11,30.28,"(120.11, 30.28)",2021/7/6,古翠路
浙江省,西湖区,330106,330100,杭州市,330000,古荡(地铁站),BV11009904,(在建)3号线一期,交通设施服务,地铁站,地铁站,120.1182675,30.27285198,120.12,30.27,"(120.12, 30.27)",2021/7/6,古荡(
浙江省,西湖区,330106,330100,杭州市,330000,古荡新村(地铁站),BV11009898,(在建)3号线一期,交通设施服务,地铁站,地铁站,120.1078339,30.27298765,120.11,30.27,"(120.11, 30.27)",2021/7/6,古荡新
浙江省,上城区,330102,330100,杭州市,330000,观音塘(地铁站),BV11483730,(在建)7号线一期江北段;(在建)9号线一期南段,交通设施服务,地铁站,地铁站,120.1960427,30.24974128,120.2,30.25,"(120.2, 30.25)",2021/7/6,观音塘
浙江省,富阳区,330111,330100,杭州市,330000,桂花西路地铁站E口,BX10031265,6号线,交通设施服务,地铁站,出入口,119.9304845,30.05042606,119.93,30.05,"(119.93, 30.05)",2021/7/6,桂花西
浙江省,萧山区,330109,330100,杭州市,330000,杭发厂地铁站C1口,BX10013708,2号线,交通设施服务,地铁站,出入口,120.2630819,30.1727936,120.26,30.17,"(120.26, 30.17)",2021/7/6,杭发厂
浙江省,拱墅区,330105,330100,杭州市,330000,杭汽轮(地铁站),BV11009889,(在建)3号线一期,交通设施服务,地铁站,地铁站,120.1836825,30.3384757,120.18,30.34,"(120.18, 30.34)",2021/7/6,杭汽轮
浙江省,余杭区,330110,330100,杭州市,330000,杭师大仓前地铁站D口,BX10027003,5号线,交通设施服务,地铁站,出入口,120.0133304,30.29095198,120.01,30.29,"(120.01, 30.29)",2021/7/6,杭师大
浙江省,余杭区,330110,330100,杭州市,330000,杭行路(地铁站),BV11062312,(在建)10号线一期;(在建)4号线二期,交通设施服务,地铁站,地铁站,120.1097279,30.35590339,120.11,30.36,"(120.11, 30.36)",2021/7/6,杭行路
浙江省,拱墅区,330105,330100,杭州市,330000,杭氧(地铁站),BV11197162,5号线,交通设施服务,地铁站,地铁站,120.1743186,30.29670597,120.17,30.3,"(120.17, 30.3)",2021/7/6,杭氧(
浙江省,萧山区,330109,330100,杭州市,330000,杭州大会展中心地铁站D口,BX10031394,1号线,交通设施服务,地铁站,出入口,120.4081946,30.27303041,120.41,30.27,"(120.41, 30.27)",2021/7/6,杭州大
浙江省,余杭区,330110,330100,杭州市,330000,好运街(地铁站),BV11062307,(在建)4号线二期,交通设施服务,地铁站,地铁站,120.0900381,30.35045491,120.09,30.35,"(120.09, 30.35)",2021/7/6,好运街
浙江省,萧山区,330109,330100,杭州市,330000,合欢路地铁站A口,BX10031650,7号线,交通设施服务,地铁站,出入口,120.33934,30.20062141,120.34,30.2,"(120.34, 30.2)",2021/7/6,合欢路
浙江省,拱墅区,330105,330100,杭州市,330000,和睦(地铁站),BV10780768,(在建)10号线一期;5号线,交通设施服务,地铁站,地铁站,120.1145822,30.31081948,120.11,30.31,"(120.11, 30.31)",2021/7/6,和睦(
浙江省,钱塘区,330114,330100,杭州市,330000,河庄路(地铁站),BV11024562,,交通设施服务,地铁站,地铁站,120.4524709,30.30105912,120.45,30.3,"(120.45, 30.3)",2021/7/6,河庄路
浙江省,临平区,330113,330100,杭州市,330000,荷禹路(地铁站),BV10951040,,交通设施服务,地铁站,地铁站,120.279712,30.43728588,120.28,30.44,"(120.28, 30.44)",2021/7/6,荷禹路
浙江省,上城区,330102,330100,杭州市,330000,红普南路(地铁站),BV10951044,(在建)9号线一期南段,交通设施服务,地铁站,地铁站,120.2586266,30.29530861,120.26,30.3,"(120.26, 30.3)",2021/7/6,红普南
浙江省,余杭区,330110,330100,杭州市,330000,洪园(地铁站),BV11009893,(在建)3号线一期,交通设施服务,地铁站,地铁站,120.0426339,30.24990107,120.04,30.25,"(120.04, 30.25)",2021/7/6,洪园(
浙江省,上城区,330102,330100,杭州市,330000,候潮门地铁站A口,BX10029005,5号线,交通设施服务,地铁站,出入口,120.1685571,30.22984905,120.17,30.23,"(120.17, 30.23)",2021/7/6,候潮门
浙江省,富阳区,330111,330100,杭州市,330000,虎啸杏地铁站B口,BX10031250,6号线,交通设施服务,地铁站,出入口,119.9653614,30.13339273,119.97,30.13,"(119.97, 30.13)",2021/7/6,虎啸杏
浙江省,西湖区,330106,330100,杭州市,330000,花坞(地铁站),BV11009908,(在建)3号线一期,交通设施服务,地铁站,地铁站,120.0719522,30.26310748,120.07,30.26,"(120.07, 30.26)",2021/7/6,花坞(
浙江省,拱墅区,330105,330100,杭州市,330000,花园岗(地铁站),BV11211366,(在建)10号线一期,交通设施服务,地铁站,地铁站,120.1067883,30.31957884,120.11,30.32,"(120.11, 30.32)",2021/7/6,花园岗
浙江省,拱墅区,330105,330100,杭州市,330000,华丰路(地铁站),BV11009909,(在建)3号线一期,交通设施服务,地铁站,地铁站,120.1980863,30.34247206,120.2,30.34,"(120.2, 30.34)",2021/7/6,华丰路
浙江省,上城区,330102,330100,杭州市,330000,华鹤(地铁站),BV11009913,(在建)3号线一期,交通设施服务,地铁站,地铁站,120.2333441,30.3732713,120.23,30.37,"(120.23, 30.37)",2021/7/6,华鹤(
浙江省,拱墅区,330105,330100,杭州市,330000,华中南路(地铁站),BV11062311,(在建)4号线二期,交通设施服务,地铁站,地铁站,120.19705,30.32629577,120.2,30.33,"(120.2, 30.33)",2021/7/6,华中南
浙江省,西湖区,330106,330100,杭州市,330000,黄龙洞(地铁站),BV11009891,(在建)3号线一期,交通设施服务,地铁站,地铁站,120.1364569,30.26796049,120.14,30.27,"(120.14, 30.27)",2021/7/6,黄龙洞
浙江省,西湖区,330106,330100,杭州市,330000,黄龙体育中心(地铁站),BV11511840,,交通设施服务,地铁站,地铁站,120.124145,30.27039458,120.12,30.27,"(120.12, 30.27)",2021/7/6,黄龙体
浙江省,上城区,330102,330100,杭州市,330000,火车东站地铁站D口,BX10013619,1号线;4号线,交通设施服务,地铁站,出入口,120.2081757,30.29334455,120.21,30.29,"(120.21, 30.29)",2021/7/6,火车东
浙江省,萧山区,330109,330100,杭州市,330000,火车南站地铁站出入口,BX10032888,5号线,交通设施服务,地铁站,出入口,120.2917469,30.17469211,120.29,30.17,"(120.29, 30.17)",2021/7/6,火车南
浙江省,余杭区,330110,330100,杭州市,330000,火车西站(地铁站),BV11040977,(在建)机场轨道快线,交通设施服务,地铁站,地铁站,119.9812931,30.29663371,119.98,30.3,"(119.98, 30.3)",2021/7/6,火车西
浙江省,上城区,330102,330100,杭州市,330000,笕桥老街(地铁站),BV11507165,(在建)4号线二期,交通设施服务,地铁站,地铁站,120.2164716,30.32593814,120.22,30.33,"(120.22, 30.33)",2021/7/6,笕桥老
浙江省,拱墅区,330105,330100,杭州市,330000,建国北路(地铁站),BV10405728,2号线;5号线,交通设施服务,地铁站,地铁站,120.1761435,30.26692935,120.18,30.27,"(120.18, 30.27)",2021/7/6,建国北
浙江省,萧山区,330109,330100,杭州市,330000,建设三路地铁站C口,BX10013691,2号线,交通设施服务,地铁站,出入口,120.2633831,30.20644491,120.26,30.21,"(120.26, 30.21)",2021/7/6,建设三
浙江省,萧山区,330109,330100,杭州市,330000,建设一路地铁站C口,BX10013678,2号线,交通设施服务,地铁站,出入口,120.261717,30.1960395,120.26,30.2,"(120.26, 30.2)",2021/7/6,建设一
浙江省,滨江区,330108,330100,杭州市,330000,建业路地铁站A口,BX10031701,6号线,交通设施服务,地铁站,出入口,120.1765358,30.19347496,120.18,30.19,"(120.18, 30.19)",2021/7/6,建业路
浙江省,上城区,330102,330100,杭州市,330000,江城路地铁站A口,BX10029003,5号线,交通设施服务,地铁站,出入口,120.1741868,30.24157178,120.17,30.24,"(120.17, 30.24)",2021/7/6,江城路
浙江省,钱塘区,330114,330100,杭州市,330000,江东二路地铁站E口,BX10031666,7号线,交通设施服务,地铁站,出入口,120.48975,30.32409031,120.49,30.32,"(120.49, 30.32)",2021/7/6,江东二
浙江省,滨江区,330108,330100,杭州市,330000,江汉路地铁站C口,BX10031697,6号线,交通设施服务,地铁站,出入口,120.1999845,30.20534217,120.2,30.21,"(120.2, 30.21)",2021/7/6,江汉路
浙江省,上城区,330102,330100,杭州市,330000,江河汇(地铁站),BV10951050,(在建)9号线一期南段,交通设施服务,地铁站,地铁站,120.2169516,30.26362852,120.22,30.26,"(120.22, 30.26)",2021/7/6,江河汇
浙江省,滨江区,330108,330100,杭州市,330000,江晖路地铁站B口,BX10029028,5号线,交通设施服务,地铁站,出入口,120.2061891,30.18466386,120.21,30.18,"(120.21, 30.18)",2021/7/6,江晖路
浙江省,上城区,330102,330100,杭州市,330000,江锦路地铁站C口,BX10013714,4号线,交通设施服务,地铁站,出入口,120.2102357,30.25184002,120.21,30.25,"(120.21, 30.25)",2021/7/6,江锦路
浙江省,滨江区,330108,330100,杭州市,330000,江陵路地铁站D口,BX10019784,1号线;6号线,交通设施服务,地铁站,出入口,120.2127194,30.21148565,120.21,30.21,"(120.21, 30.21)",2021/7/6,江陵路
浙江省,西湖区,330106,330100,杭州市,330000,蒋村(地铁站),BV10780751,5号线,交通设施服务,地铁站,地铁站,120.0625377,30.29712913,120.06,30.3,"(120.06, 30.3)",2021/7/6,蒋村(
浙江省,余杭区,330110,330100,杭州市,330000,蒋家桥(地铁站),BV11009912,(在建)3号线一期,交通设施服务,地铁站,地铁站,120.0033152,30.24915559,120,30.25,"(120, 30.25)",2021/7/6,蒋家桥
浙江省,余杭区,330110,330100,杭州市,330000,金德路(地铁站),BV11211365,(在建)10号线一期,交通设施服务,地铁站,地铁站,120.1094375,30.36664442,120.11,30.37,"(120.11, 30.37)",2021/7/6,金德路
浙江省,萧山区,330109,330100,杭州市,330000,金鸡路地铁站A口,BX10029024,5号线,交通设施服务,地铁站,出入口,120.2497356,30.18446678,120.25,30.18,"(120.25, 30.18)",2021/7/6,金鸡路
浙江省,余杭区,330110,330100,杭州市,330000,金家渡地铁站C口,BX10024529,2号线,交通设施服务,地铁站,出入口,120.0792083,30.34073464,120.08,30.34,"(120.08, 30.34)",2021/7/6,金家渡
浙江省,钱塘区,330114,330100,杭州市,330000,金沙湖地铁站C口,BX10013629,1号线,交通设施服务,地铁站,出入口,120.3204307,30.31136382,120.32,30.31,"(120.32, 30.31)",2021/7/6,金沙湖
浙江省,余杭区,330110,330100,杭州市,330000,金星(地铁站),BV11328813,5号线,交通设施服务,地铁站,地铁站,119.9619346,30.26759483,119.96,30.27,"(119.96, 30.27)",2021/7/6,金星(
浙江省,上城区,330102,330100,杭州市,330000,近江(地铁站),BV10187400,1号线;4号线,交通设施服务,地铁站,地铁站,120.1932848,30.23320108,120.19,30.23,"(120.19, 30.23)",2021/7/6,近江(
浙江省,上城区,330102,330100,杭州市,330000,景芳(地铁站),BV10420748,4号线,交通设施服务,地铁站,地铁站,120.2031642,30.26732542,120.2,30.27,"(120.2, 30.27)",2021/7/6,景芳(
浙江省,上城区,330102,330100,杭州市,330000,九堡(地铁站),BV10180837,1号线,交通设施服务,地铁站,地铁站,120.2621497,30.31035385,120.26,30.31,"(120.26, 30.31)",2021/7/6,九堡(
浙江省,上城区,330102,330100,杭州市,330000,九和路地铁站C口,BX10013544,1号线,交通设施服务,地铁站,出入口,120.2486919,30.30790934,120.25,30.31,"(120.25, 30.31)",2021/7/6,九和路
浙江省,上城区,330102,330100,杭州市,330000,九睦路(地铁站),BV10951042,(在建)9号线一期南段,交通设施服务,地铁站,地铁站,120.2664236,30.30628831,120.27,30.31,"(120.27, 30.31)",2021/7/6,九睦路
浙江省,临安区,330112,330100,杭州市,330000,九州街地铁站A口,BX10028900,16号线,交通设施服务,地铁站,出入口,119.6922858,30.20518125,119.69,30.21,"(119.69, 30.21)",2021/7/6,九州街
浙江省,滨江区,330108,330100,杭州市,330000,聚才路地铁站A口,BX10029035,5号线,交通设施服务,地铁站,出入口,120.1951347,30.18504466,120.2,30.19,"(120.2, 30.19)",2021/7/6,聚才路
浙江省,萧山区,330109,330100,杭州市,330000,坎山(地铁站),BV11024555,7号线,交通设施服务,地铁站,地铁站,120.3910876,30.20005413,120.39,30.2,"(120.39, 30.2)",2021/7/6,坎山(
浙江省,西湖区,330106,330100,杭州市,330000,科海路地铁站B2口,BX10031714,6号线,交通设施服务,地铁站,出入口,120.0819527,30.13167666,120.08,30.13,"(120.08, 30.13)",2021/7/6,科海路
浙江省,西湖区,330106,330100,杭州市,330000,科技学院(地铁站),BV11014689,(在建)3号线支线,交通设施服务,地铁站,地铁站,120.016983,30.21498862,120.02,30.21,"(120.02, 30.21)",2021/7/6,科技学
浙江省,上城区,330102,330100,杭州市,330000,客运中心地铁站A口,BX10013603,1号线,交通设施服务,地铁站,出入口,120.27495,30.31390145,120.27,30.31,"(120.27, 30.31)",2021/7/6,客运中
浙江省,上城区,330102,330100,杭州市,330000,黎明(地铁站),BV11507160,(在建)4号线二期,交通设施服务,地铁站,地铁站,120.2190502,30.31770176,120.22,30.32,"(120.22, 30.32)",2021/7/6,黎明(
浙江省,余杭区,330110,330100,杭州市,330000,联胜路(地铁站),BV11009895,(在建)3号线一期,交通设施服务,地铁站,地铁站,120.0262034,30.24613514,120.03,30.25,"(120.03, 30.25)",2021/7/6,联胜路
浙江省,滨江区,330108,330100,杭州市,330000,联庄(地铁站),BV10965641,4号线,交通设施服务,地铁站,地铁站,120.1473281,30.18897737,120.15,30.19,"(120.15, 30.19)",2021/7/6,联庄(
浙江省,余杭区,330110,330100,杭州市,330000,良睦路地铁站B口,BX10027033,5号线,交通设施服务,地铁站,出入口,120.0017579,30.28853269,120,30.29,"(120, 30.29)",2021/7/6,良睦路
浙江省,余杭区,330110,330100,杭州市,330000,良渚(地铁站),BV10971061,2号线,交通设施服务,地铁站,地铁站,120.0368663,30.36132074,120.04,30.36,"(120.04, 30.36)",2021/7/6,良渚(
浙江省,临安区,330112,330100,杭州市,330000,临安广场地铁站D口,BX10028988,16号线,交通设施服务,地铁站,出入口,119.7015435,30.22924025,119.7,30.23,"(119.7, 30.23)",2021/7/6,临安广
浙江省,临平区,330113,330100,杭州市,330000,临平(地铁站),BV10952977,(在建)9号线;(在建)9号线一期北段;1号线,交通设施服务,地铁站,地铁站,120.2995615,30.40917487,120.3,30.41,"(120.3, 30.41)",2021/7/6,临平(
浙江省,西湖区,330106,330100,杭州市,330000,留下(地铁站),BV11014691,(在建)3号线支线,交通设施服务,地铁站,地铁站,120.0472016,30.24400703,120.05,30.24,"(120.05, 30.24)",2021/7/6,留下(
浙江省,上城区,330102,330100,杭州市,330000,六堡(地铁站),BV10952981,(在建)9号线一期南段,交通设施服务,地铁站,地铁站,120.251857,30.2896688,120.25,30.29,"(120.25, 30.29)",2021/7/6,六堡(
浙江省,临平区,330113,330100,杭州市,330000,龙安(地铁站),BV10951039,(在建)9号线一期北段,交通设施服务,地铁站,地铁站,120.2690366,30.4575331,120.27,30.46,"(120.27, 30.46)",2021/7/6,龙安(
浙江省,上城区,330102,330100,杭州市,330000,龙翔桥地铁站D3口,BX10013571,1号线,交通设施服务,地铁站,出入口,120.1597937,30.25651665,120.16,30.26,"(120.16, 30.26)",2021/7/6,龙翔桥
浙江省,余杭区,330110,330100,杭州市,330000,绿汀路(地铁站),BV10780752,(在建)3号线一期;16号线;5号线,交通设施服务,地铁站,地铁站,119.9874553,30.26261763,119.99,30.26,"(119.99, 30.26)",2021/7/6,绿汀路
浙江省,西湖区,330106,330100,杭州市,330000,蚂蚁小镇(地铁站),BV11009903,(在建)3号线一期,交通设施服务,地铁站,地铁站,120.0970723,30.26754304,120.1,30.27,"(120.1, 30.27)",2021/7/6,蚂蚁小
浙江省,西湖区,330106,330100,杭州市,330000,美院象山地铁站B口,BX10031724,6号线,交通设施服务,地铁站,出入口,120.075921,30.15399503,120.08,30.15,"(120.08, 30.15)",2021/7/6,美院象
浙江省,上城区,330102,330100,杭州市,330000,明石路(地铁站),BV11062317,(在建)4号线二期,交通设施服务,地铁站,地铁站,120.2230443,30.30555876,120.22,30.31,"(120.22, 30.31)",2021/7/6,明石路
浙江省,萧山区,330109,330100,杭州市,330000,明星路地铁站C口,BX10032107,7号线,交通设施服务,地铁站,出入口,120.2436025,30.20697407,120.24,30.21,"(120.24, 30.21)",2021/7/6,明星路
浙江省,上城区,330102,330100,杭州市,330000,莫邪塘(地铁站),BV11483732,(在建)7号线一期江北段,交通设施服务,地铁站,地铁站,120.1823353,30.24555141,120.18,30.25,"(120.18, 30.25)",2021/7/6,莫邪塘
浙江省,余杭区,330110,330100,杭州市,330000,南峰(地铁站),BV11280859,16号线,交通设施服务,地铁站,地铁站,119.8737285,30.25241277,119.87,30.25,"(119.87, 30.25)",2021/7/6,南峰(
浙江省,余杭区,330110,330100,杭州市,330000,南湖(地铁站),BV11280862,16号线,交通设施服务,地铁站,地铁站,119.8950473,30.24942231,119.9,30.25,"(119.9, 30.25)",2021/7/6,南湖(
浙江省,上城区,330102,330100,杭州市,330000,南星桥地铁站E口,BX10024551,4号线,交通设施服务,地铁站,出入口,120.1740392,30.22008393,120.17,30.22,"(120.17, 30.22)",2021/7/6,南星桥
浙江省,萧山区,330109,330100,杭州市,330000,南阳(地铁站),BV11472648,1号线,交通设施服务,地铁站,地铁站,120.4311935,30.27242892,120.43,30.27,"(120.43, 30.27)",2021/7/6,南阳(
浙江省,临平区,330113,330100,杭州市,330000,南苑(地铁站),BV10187391,(在建)9号线;1号线,交通设施服务,地铁站,地铁站,120.2977038,30.3973734,120.3,30.4,"(120.3, 30.4)",2021/7/6,南苑(
浙江省,临安区,330112,330100,杭州市,330000,农林大学地铁站C口,BX10028967,16号线,交通设施服务,地铁站,出入口,119.7338001,30.24654214,119.73,30.25,"(119.73, 30.25)",2021/7/6,农林大
浙江省,萧山区,330109,330100,杭州市,330000,潘水(地铁站),BV10396687,2号线,交通设施服务,地铁站,地铁站,120.2631847,30.15064023,120.26,30.15,"(120.26, 30.15)",2021/7/6,潘水(
浙江省,上城区,330102,330100,杭州市,330000,彭埠(地铁站),BV10180827,(在建)4号线二期;1号线;4号线,交通设施服务,地铁站,地铁站,120.2191491,30.29650339,120.22,30.3,"(120.22, 30.3)",2021/7/6,彭埠(
浙江省,拱墅区,330105,330100,杭州市,330000,平安桥(地铁站),BV11062314,(在建)4号线二期,交通设施服务,地铁站,地铁站,120.1401098,30.35956866,120.14,30.36,"(120.14, 30.36)",2021/7/6,平安桥
浙江省,拱墅区,330105,330100,杭州市,330000,萍水街地铁站C口,BX10027002,5号线,交通设施服务,地铁站,出入口,120.1075678,30.30457914,120.11,30.3,"(120.11, 30.3)",2021/7/6,萍水街
浙江省,滨江区,330108,330100,杭州市,330000,浦沿(地铁站),BV10965640,4号线,交通设施服务,地铁站,地铁站,120.1492629,30.16099077,120.15,30.16,"(120.15, 30.16)",2021/7/6,浦沿(
浙江省,上城区,330102,330100,杭州市,330000,七堡(地铁站),BV10183781,1号线,交通设施服务,地铁站,地铁站,120.2365789,30.30245084,120.24,30.3,"(120.24, 30.3)",2021/7/6,七堡(
浙江省,钱塘区,330114,330100,杭州市,330000,启成路地铁站B口,BX10031641,7号线,交通设施服务,地铁站,出入口,120.4899043,30.31525492,120.49,30.32,"(120.49, 30.32)",2021/7/6,启成路
浙江省,西湖区,330106,330100,杭州市,330000,汽车西站(地铁站),BV11009900,(在建)3号线一期,交通设施服务,地铁站,地铁站,120.08606,30.26488221,120.09,30.26,"(120.09, 30.26)",2021/7/6,汽车西
浙江省,萧山区,330109,330100,杭州市,330000,钱江二路(地铁站),BV11040975,(在建)机场轨道快线,交通设施服务,地铁站,地铁站,120.2646868,30.25823048,120.26,30.26,"(120.26, 30.26)",2021/7/6,钱江二
浙江省,上城区,330102,330100,杭州市,330000,钱江路地铁站D1口,BX10013667,2号线;4号线,交通设施服务,地铁站,出入口,120.2089654,30.25792195,120.21,30.26,"(120.21, 30.26)",2021/7/6,钱江路
浙江省,萧山区,330109,330100,杭州市,330000,钱江世纪城地铁站E2口,BX10032102,6号线,交通设施服务,地铁站,出入口,120.2388843,30.24172119,120.24,30.24,"(120.24, 30.24)",2021/7/6,钱江世
浙江省,临平区,330113,330100,杭州市,330000,乔司(地铁站),BV10180845,(在建)9号线;1号线,交通设施服务,地铁站,地铁站,120.2807785,30.34928573,120.28,30.35,"(120.28, 30.35)",2021/7/6,乔司(
浙江省,临平区,330113,330100,杭州市,330000,乔司南地铁站A2口,BX10013639,1号线,交通设施服务,地铁站,出入口,120.2865184,30.32942102,120.29,30.33,"(120.29, 30.33)",2021/7/6,乔司南
浙江省,钱塘区,330114,330100,杭州市,330000,桥头堡(地铁站),BV11024561,,交通设施服务,地铁站,地铁站,120.4276994,30.30551351,120.43,30.31,"(120.43, 30.31)",2021/7/6,桥头堡
浙江省,钱塘区,330114,330100,杭州市,330000,青六中路地铁站D3口,BX10033313,8号线,交通设施服务,地铁站,出入口,120.4856351,30.30000107,120.49,30.3,"(120.49, 30.3)",2021/7/6,青六中
浙江省,钱塘区,330114,330100,杭州市,330000,青蓬路地铁站,B0FFMAI8FC,,交通设施服务,交通服务相关,交通服务相关,120.5064575,30.29522671,120.51,30.3,"(120.51, 30.3)",2021/7/6,青蓬路
浙江省,临安区,330112,330100,杭州市,330000,青山湖(地铁站),BV11280860,16号线,交通设施服务,地铁站,地铁站,119.7507767,30.25825716,119.75,30.26,"(119.75, 30.26)",2021/7/6,青山湖
浙江省,钱塘区,330114,330100,杭州市,330000,青西三路(地铁站),BV11024568,,交通设施服务,地铁站,地铁站,120.4732656,30.30129124,120.47,30.3,"(120.47, 30.3)",2021/7/6,青西三
浙江省,上城区,330102,330100,杭州市,330000,庆春广场地铁站A2口,BX10023140,2号线,交通设施服务,地铁站,出入口,120.2007909,30.26024363,120.2,30.26,"(120.2, 30.26)",2021/7/6,庆春广
浙江省,上城区,330102,330100,杭州市,330000,庆菱路地铁站B口,BX10023150,2号线,交通设施服务,地铁站,出入口,120.1876813,30.26016064,120.19,30.26,"(120.19, 30.26)",2021/7/6,庆菱路
浙江省,临平区,330113,330100,杭州市,330000,邱山大街地铁站出入口,BX10033137,(在建)9号线一期北段,交通设施服务,地铁站,出入口,120.2916566,30.42309165,120.29,30.42,"(120.29, 30.42)",2021/7/6,邱山大
浙江省,萧山区,330109,330100,杭州市,330000,人民广场地铁站C4口,BX10013705,2号线,交通设施服务,地铁站,出入口,120.2620902,30.18098893,120.26,30.18,"(120.26, 30.18)",2021/7/6,人民广
浙江省,萧山区,330109,330100,杭州市,330000,人民路地铁站B口,BX10013682,2号线,交通设施服务,地铁站,出入口,120.2627129,30.16073825,120.26,30.16,"(120.26, 30.16)",2021/7/6,人民路
浙江省,西湖区,330106,330100,杭州市,330000,三坝(地铁站),BV10876935,2号线;5号线,交通设施服务,地铁站,地铁站,120.0930865,30.30228719,120.09,30.3,"(120.09, 30.3)",2021/7/6,三坝(
浙江省,上城区,330102,330100,杭州市,330000,三堡(地铁站),BV10952978,(在建)6号线二期;(在建)9号线一期南段,交通设施服务,地铁站,地铁站,120.2231755,30.26934866,120.22,30.27,"(120.22, 30.27)",2021/7/6,三堡(
浙江省,西湖区,330106,330100,杭州市,330000,三墩(地铁站),BV10971063,2号线,交通设施服务,地铁站,地铁站,120.0881953,30.32229831,120.09,30.32,"(120.09, 30.32)",2021/7/6,三墩(
浙江省,拱墅区,330105,330100,杭州市,330000,善贤(地铁站),BV11094100,(在建)3号线一期;5号线,交通设施服务,地铁站,地铁站,120.1547867,30.31880988,120.15,30.32,"(120.15, 30.32)",2021/7/6,善贤(
浙江省,余杭区,330110,330100,杭州市,330000,苕溪(地铁站),BV11040970,(在建)机场轨道快线,交通设施服务,地铁站,地铁站,119.976646,30.31609301,119.98,30.32,"(119.98, 30.32)",2021/7/6,苕溪(
浙江省,西湖区,330106,330100,杭州市,330000,沈塘桥地铁站C3口,BX10023075,2号线,交通设施服务,地铁站,出入口,120.1456807,30.28148208,120.15,30.28,"(120.15, 30.28)",2021/7/6,沈塘桥
浙江省,上城区,330102,330100,杭州市,330000,市民中心地铁站C口,BX10013719,4号线,交通设施服务,地铁站,出入口,120.2070019,30.2471783,120.21,30.25,"(120.21, 30.25)",2021/7/6,市民中
浙江省,富阳区,330111,330100,杭州市,330000,受降(地铁站),BV10844852,6号线,交通设施服务,地铁站,地铁站,119.9560282,30.12483574,119.96,30.12,"(119.96, 30.12)",2021/7/6,受降(
浙江省,西湖区,330106,330100,杭州市,330000,双浦(地铁站),BV10743532,6号线,交通设施服务,地铁站,地铁站,120.0789153,30.11770069,120.08,30.12,"(120.08, 30.12)",2021/7/6,双浦(
浙江省,萧山区,330109,330100,杭州市,330000,双桥(地铁站),BV11197160,5号线,交通设施服务,地铁站,地铁站,120.3042766,30.17553926,120.3,30.18,"(120.3, 30.18)",2021/7/6,双桥(
浙江省,上城区,330102,330100,杭州市,330000,水澄桥地铁站B口,BX10024554,4号线,交通设施服务,地铁站,出入口,120.1464562,30.20617405,120.15,30.21,"(120.15, 30.21)",2021/7/6,水澄桥
浙江省,上城区,330102,330100,杭州市,330000,昙花庵路(地铁站),BV11043949,(在建)6号线二期,交通设施服务,地铁站,地铁站,120.2183402,30.27722963,120.22,30.28,"(120.22, 30.28)",2021/7/6,昙花庵
浙江省,钱塘区,330114,330100,杭州市,330000,塘新线地铁站D口,BX10031683,7号线,交通设施服务,地铁站,出入口,120.4859946,30.28586967,120.49,30.29,"(120.49, 30.29)",2021/7/6,塘新线
浙江省,上城区,330102,330100,杭州市,330000,桃花湖公园(地铁站),BV11009896,(在建)3号线一期,交通设施服务,地铁站,地铁站,120.2175744,30.35403513,120.22,30.35,"(120.22, 30.35)",2021/7/6,桃花湖
浙江省,拱墅区,330105,330100,杭州市,330000,桃源街(地铁站),BV11062310,(在建)4号线二期,交通设施服务,地铁站,地铁站,120.1766144,30.34509889,120.18,30.35,"(120.18, 30.35)",2021/7/6,桃源街
浙江省,临平区,330113,330100,杭州市,330000,天都城(地铁站),BV11009890,(在建)3号线一期,交通设施服务,地铁站,地铁站,120.242339,30.38377088,120.24,30.38,"(120.24, 30.38)",2021/7/6,天都城
浙江省,萧山区,330109,330100,杭州市,330000,通惠中路地铁站C口,BX10029039,5号线,交通设施服务,地铁站,出入口,120.2797999,30.18256832,120.28,30.18,"(120.28, 30.18)",2021/7/6,通惠中
浙江省,拱墅区,330105,330100,杭州市,330000,同协路(地铁站),BV11009892,(在建)3号线一期,交通设施服务,地铁站,地铁站,120.2073425,30.34537173,120.21,30.35,"(120.21, 30.35)",2021/7/6,同协路
浙江省,上城区,330102,330100,杭州市,330000,万安桥地铁站E口,BX10029127,5号线,交通设施服务,地铁站,出入口,120.175993,30.25510409,120.18,30.26,"(120.18, 30.26)",2021/7/6,万安桥
浙江省,滨江区,330108,330100,杭州市,330000,伟业路地铁站C口,BX10031718,6号线,交通设施服务,地铁站,出入口,120.1542584,30.18436685,120.15,30.18,"(120.15, 30.18)",2021/7/6,伟业路
浙江省,钱塘区,330114,330100,杭州市,330000,文海南路地铁站B口,BX10032772,8号线,交通设施服务,地铁站,出入口,120.3706347,30.31346979,120.37,30.31,"(120.37, 30.31)",2021/7/6,文海南
浙江省,西湖区,330106,330100,杭州市,330000,文三路(地铁站),BV11040973,(在建)10号线一期;(在建)机场轨道快线,交通设施服务,地铁站,地铁站,120.1251886,30.279091,120.13,30.28,"(120.13, 30.28)",2021/7/6,文三路
浙江省,西湖区,330106,330100,杭州市,330000,文新(地铁站),BV10971062,2号线,交通设施服务,地铁站,地铁站,120.0933807,30.29151939,120.09,30.29,"(120.09, 30.29)",2021/7/6,文新(
浙江省,余杭区,330110,330100,杭州市,330000,文一西路(地铁站),BV11009894,(在建)3号线一期,交通设施服务,地铁站,地铁站,119.9761127,30.276264,119.98,30.28,"(119.98, 30.28)",2021/7/6,文一西
浙江省,钱塘区,330114,330100,杭州市,330000,文泽路地铁站C口,BX10013560,1号线,交通设施服务,地铁站,出入口,120.3431892,30.31198112,120.34,30.31,"(120.34, 30.31)",2021/7/6,文泽路
浙江省,临平区,330113,330100,杭州市,330000,翁梅(地铁站),BV10187392,(在建)9号线;1号线,交通设施服务,地铁站,地铁站,120.2905134,30.36723637,120.29,30.37,"(120.29, 30.37)",2021/7/6,翁梅(
浙江省,拱墅区,330105,330100,杭州市,330000,吴家角港(地铁站),BV11507166,(在建)4号线二期,交通设施服务,地铁站,地铁站,120.1646431,30.35328722,120.16,30.35,"(120.16, 30.35)",2021/7/6,吴家角
浙江省,上城区,330102,330100,杭州市,330000,吴山广场(地铁站),BV11483731,(在建)7号线一期江北段,交通设施服务,地铁站,地铁站,120.1589835,30.24236425,120.16,30.24,"(120.16, 30.24)",2021/7/6,吴山广
浙江省,上城区,330102,330100,杭州市,330000,五堡(地铁站),BV10952980,(在建)9号线一期南段,交通设施服务,地铁站,地铁站,120.2463952,30.286049,120.25,30.29,"(120.25, 30.29)",2021/7/6,五堡(
浙江省,余杭区,330110,330100,杭州市,330000,五常(地铁站),BV10780765,5号线,交通设施服务,地铁站,地铁站,120.0403675,30.29862141,120.04,30.3,"(120.04, 30.3)",2021/7/6,五常(
浙江省,临平区,330113,330100,杭州市,330000,五洲路地铁站出入口,BX10033136,(在建)9号线一期北段,交通设施服务,地铁站,出入口,120.2737816,30.44762406,120.27,30.45,"(120.27, 30.45)",2021/7/6,五洲路
浙江省,拱墅区,330105,330100,杭州市,330000,武林广场地铁站B口,BX10013634,1号线,交通设施服务,地铁站,出入口,120.159077,30.27545763,120.16,30.28,"(120.16, 30.28)",2021/7/6,武林广
浙江省,西湖区,330106,330100,杭州市,330000,武林门地铁站C口,BX10023080,2号线,交通设施服务,地铁站,出入口,120.1507891,30.27082099,120.15,30.27,"(120.15, 30.27)",2021/7/6,武林门
浙江省,上城区,330102,330100,杭州市,330000,婺江路地铁站E1口,BX10013564,1号线,交通设施服务,地铁站,出入口,120.1874975,30.23855301,120.19,30.24,"(120.19, 30.24)",2021/7/6,婺江路
浙江省,拱墅区,330105,330100,杭州市,330000,西湖文化广场地铁站D口,BX10020611,1号线,交通设施服务,地铁站,出入口,120.1614836,30.28146952,120.16,30.28,"(120.16, 30.28)",2021/7/6,西湖文
浙江省,滨江区,330108,330100,杭州市,330000,西浦路(地铁站),BV10743536,6号线,交通设施服务,地铁站,地铁站,120.1325893,30.1709307,120.13,30.17,"(120.13, 30.17)",2021/7/6,西浦路
浙江省,拱墅区,330105,330100,杭州市,330000,西文街地铁站B口,BX10029009,5号线,交通设施服务,地铁站,出入口,120.1643511,30.31853665,120.16,30.32,"(120.16, 30.32)",2021/7/6,西文街
浙江省,西湖区,330106,330100,杭州市,330000,西溪湿地南(地铁站),BV11535937,(在建)3号线一期;(在建)3号线支线,交通设施服务,地铁站,地铁站,120.0541,30.25490032,120.05,30.25,"(120.05, 30.25)",2021/7/6,西溪湿
浙江省,滨江区,330108,330100,杭州市,330000,西兴(地铁站),BV10180859,1号线,交通设施服务,地铁站,地铁站,120.2159197,30.18973822,120.22,30.19,"(120.22, 30.19)",2021/7/6,西兴(
浙江省,西湖区,330106,330100,杭州市,330000,虾龙圩地铁站C口,BX10024505,2号线,交通设施服务,地铁站,出入口,120.0913964,30.31105523,120.09,30.31,"(120.09, 30.31)",2021/7/6,虾龙圩
浙江省,西湖区,330106,330100,杭州市,330000,霞鸣街地铁站D口,BX10031694,6号线,交通设施服务,地铁站,出入口,120.0688873,30.14455792,120.07,30.14,"(120.07, 30.14)",2021/7/6,霞鸣街
浙江省,西湖区,330106,330100,杭州市,330000,下宁桥地铁站B口,BX10029336,2号线,交通设施服务,地铁站,出入口,120.1339821,30.28534113,120.13,30.29,"(120.13, 30.29)",2021/7/6,下宁桥
浙江省,钱塘区,330114,330100,杭州市,330000,下沙江滨地铁站E口,BX10019797,1号线,交通设施服务,地铁站,出入口,120.377921,30.28970263,120.38,30.29,"(120.38, 30.29)",2021/7/6,下沙江
浙江省,钱塘区,330114,330100,杭州市,330000,下沙西地铁站C口,BX10013540,1号线,交通设施服务,地铁站,出入口,120.3071134,30.31211768,120.31,30.31,"(120.31, 30.31)",2021/7/6,下沙西
浙江省,拱墅区,330105,330100,杭州市,330000,香积寺路地铁站D口,BX10029001,5号线,交通设施服务,地铁站,出入口,120.1716917,30.30999951,120.17,30.31,"(120.17, 30.31)",2021/7/6,香积寺
浙江省,萧山区,330109,330100,杭州市,330000,湘湖(地铁站),BV10187404,1号线,交通设施服务,地铁站,地铁站,120.2299072,30.17004035,120.23,30.17,"(120.23, 30.17)",2021/7/6,湘湖(
浙江省,拱墅区,330105,330100,杭州市,330000,祥园路(地铁站),BV11211360,(在建)10号线一期,交通设施服务,地铁站,地铁站,120.1117848,30.33874148,120.11,30.34,"(120.11, 30.34)",2021/7/6,祥园路
浙江省,萧山区,330109,330100,杭州市,330000,向阳路(地铁站),BV11472646,1号线,交通设施服务,地铁站,地铁站,120.4380255,30.26263084,120.44,30.26,"(120.44, 30.26)",2021/7/6,向阳路
浙江省,萧山区,330109,330100,杭州市,330000,萧山高教园(地铁站),BV11040971,(在建)机场轨道快线,交通设施服务,地铁站,地铁站,120.2971762,30.24243977,120.3,30.24,"(120.3, 30.24)",2021/7/6,萧山高
浙江省,萧山区,330109,330100,杭州市,330000,萧山国际机场地铁站A口,BX10031411,1号线;7号线,交通设施服务,地铁站,出入口,120.4303294,30.23895142,120.43,30.24,"(120.43, 30.24)",2021/7/6,萧山国
浙江省,萧山区,330109,330100,杭州市,330000,萧山科技城(地铁站),BV11040972,(在建)机场轨道快线,交通设施服务,地铁站,地铁站,120.3328433,30.22966377,120.33,30.23,"(120.33, 30.23)",2021/7/6,萧山科
浙江省,西湖区,330106,330100,杭州市,330000,小和山(地铁站),BV11014690,(在建)3号线支线,交通设施服务,地铁站,地铁站,120.0059997,30.20912915,120.01,30.21,"(120.01, 30.21)",2021/7/6,小和山
浙江省,上城区,330102,330100,杭州市,330000,新风(地铁站),BV10420755,4号线,交通设施服务,地铁站,地铁站,120.2035352,30.28966475,120.2,30.29,"(120.2, 30.29)",2021/7/6,新风(
浙江省,萧山区,330109,330100,杭州市,330000,新港(地铁站),BV11348354,7号线,交通设施服务,地铁站,地铁站,120.4038337,30.22150979,120.4,30.22,"(120.4, 30.22)",2021/7/6,新港(
浙江省,萧山区,330109,330100,杭州市,330000,新汉路地铁站D口,BX10031681,7号线,交通设施服务,地铁站,出入口,120.3028021,30.20506853,120.3,30.21,"(120.3, 30.21)",2021/7/6,新汉路
浙江省,萧山区,330109,330100,杭州市,330000,新街(地铁站),BV11024548,7号线,交通设施服务,地铁站,地铁站,120.3263885,30.20172666,120.33,30.2,"(120.33, 30.2)",2021/7/6,新街(
浙江省,上城区,330102,330100,杭州市,330000,新塘(地铁站),BV10420750,4号线,交通设施服务,地铁站,地铁站,120.2028405,30.2785919,120.2,30.28,"(120.2, 30.28)",2021/7/6,新塘(
浙江省,拱墅区,330105,330100,杭州市,330000,新天地街(地铁站),BV11507167,(在建)3号线一期;(在建)4号线二期,交通设施服务,地铁站,地铁站,120.1754337,30.32392271,120.18,30.32,"(120.18, 30.32)",2021/7/6,新天地
浙江省,钱塘区,330114,330100,杭州市,330000,新湾路地铁站A口,BX10033007,8号线,交通设施服务,地铁站,出入口,120.536912,30.29754056,120.54,30.3,"(120.54, 30.3)",2021/7/6,新湾路
浙江省,上城区,330102,330100,杭州市,330000,新业路(地铁站),BV11507195,(在建)9号线一期南段,交通设施服务,地铁站,地铁站,120.2049196,30.25213614,120.2,30.25,"(120.2, 30.25)",2021/7/6,新业路
浙江省,钱塘区,330114,330100,杭州市,330000,新镇路地铁站C口,BX10031657,7号线,交通设施服务,地铁站,出入口,120.4794409,30.25985894,120.48,30.26,"(120.48, 30.26)",2021/7/6,新镇路
浙江省,滨江区,330108,330100,杭州市,330000,星民(地铁站),BV10743539,6号线,交通设施服务,地铁站,地铁站,120.2194203,30.21540338,120.22,30.22,"(120.22, 30.22)",2021/7/6,星民(
浙江省,临平区,330113,330100,杭州市,330000,星桥路(地铁站),BV11009905,(在建)3号线一期,交通设施服务,地铁站,地铁站,120.2577676,30.39140158,120.26,30.39,"(120.26, 30.39)",2021/7/6,星桥路
浙江省,萧山区,330109,330100,杭州市,330000,兴议(地铁站),BV11024547,7号线,交通设施服务,地铁站,地铁站,120.234026,30.21465235,120.23,30.21,"(120.23, 30.21)",2021/7/6,兴议(
浙江省,西湖区,330106,330100,杭州市,330000,学院路地铁站B口,BX10023070,2号线,交通设施服务,地铁站,出入口,120.1241518,30.28521114,120.12,30.29,"(120.12, 30.29)",2021/7/6,学院路
浙江省,萧山区,330109,330100,杭州市,330000,衙前(地铁站),BV11472861,1号线(柯桥段),交通设施服务,地铁站,地铁站,120.3554128,30.16549376,120.36,30.17,"(120.36, 30.17)",2021/7/6,衙前(
浙江省,萧山区,330109,330100,杭州市,330000,亚运村(地铁站),BV11043950,(在建)6号线二期,交通设施服务,地铁站,地铁站,120.2406298,30.25722933,120.24,30.26,"(120.24, 30.26)",2021/7/6,亚运村
浙江省,富阳区,330111,330100,杭州市,330000,阳陂湖(地铁站),BV10844851,6号线,交通设施服务,地铁站,地铁站,119.9275969,30.08435785,119.93,30.08,"(119.93, 30.08)",2021/7/6,阳陂湖
浙江省,滨江区,330108,330100,杭州市,330000,杨家墩(地铁站),BV10965639,4号线,交通设施服务,地铁站,地铁站,120.1441568,30.17014471,120.14,30.17,"(120.14, 30.17)",2021/7/6,杨家墩
浙江省,富阳区,330111,330100,杭州市,330000,野生动物园东地铁站A口,BX10031687,6号线,交通设施服务,地铁站,出入口,119.997355,30.14963466,120,30.15,"(120, 30.15)",2021/7/6,野生动
浙江省,钱塘区,330114,330100,杭州市,330000,义蓬(地铁站),BV11024556,7号线,交通设施服务,地铁站,地铁站,120.4828364,30.27629033,120.48,30.28,"(120.48, 30.28)",2021/7/6,义蓬(
浙江省,余杭区,330110,330100,杭州市,330000,逸盛路(地铁站),BV11211367,(在建)10号线一期,交通设施服务,地铁站,地铁站,120.1087361,30.38077047,120.11,30.38,"(120.11, 30.38)",2021/7/6,逸盛路
浙江省,西湖区,330106,330100,杭州市,330000,音乐学院(地铁站),BV10844854,6号线,交通设施服务,地铁站,地铁站,120.0526325,30.15005734,120.05,30.15,"(120.05, 30.15)",2021/7/6,音乐学
浙江省,富阳区,330111,330100,杭州市,330000,银湖(地铁站),BV10844845,6号线,交通设施服务,地铁站,地铁站,119.9839643,30.14212841,119.98,30.14,"(119.98, 30.14)",2021/7/6,银湖(
浙江省,萧山区,330109,330100,杭州市,330000,盈丰路地铁站B口,BX10013663,2号线,交通设施服务,地铁站,出入口,120.2472286,30.23935203,120.25,30.24,"(120.25, 30.24)",2021/7/6,盈丰路
浙江省,萧山区,330109,330100,杭州市,330000,盈中(地铁站),BV11024549,7号线,交通设施服务,地铁站,地铁站,120.35811,30.20001833,120.36,30.2,"(120.36, 30.2)",2021/7/6,盈中(
浙江省,余杭区,330110,330100,杭州市,330000,永福(地铁站),BV10780769,5号线,交通设施服务,地铁站,地铁站,120.0223049,30.29395224,120.02,30.29,"(120.02, 30.29)",2021/7/6,永福(
浙江省,萧山区,330109,330100,杭州市,330000,永盛路地铁站A口,BX10031644,7号线,交通设施服务,地铁站,出入口,120.4684091,30.23924365,120.47,30.24,"(120.47, 30.24)",2021/7/6,永盛路
浙江省,上城区,330102,330100,杭州市,330000,甬江路地铁站C5口,BX10028792,4号线,交通设施服务,地铁站,出入口,120.1827844,30.22422868,120.18,30.22,"(120.18, 30.22)",2021/7/6,甬江路
浙江省,临平区,330113,330100,杭州市,330000,余杭高铁站地铁站A口,BX10013644,1号线,交通设施服务,地铁站,出入口,120.2935757,30.38493448,120.29,30.38,"(120.29, 30.38)",2021/7/6,余杭高
浙江省,余杭区,330110,330100,杭州市,330000,禹航路地铁站B口,BX10028961,16号线,交通设施服务,地铁站,出入口,119.9501582,30.25179066,119.95,30.25,"(119.95, 30.25)",2021/7/6,禹航路
浙江省,萧山区,330109,330100,杭州市,330000,育才北路地铁站A口,BX10029042,5号线,交通设施服务,地铁站,出入口,120.2735853,30.18402224,120.27,30.18,"(120.27, 30.18)",2021/7/6,育才北
浙江省,上城区,330102,330100,杭州市,330000,御道(地铁站),BV10952979,(在建)9号线一期南段;(在建)机场轨道快线,交通设施服务,地铁站,地铁站,120.2316829,30.27637258,120.23,30.28,"(120.23, 30.28)",2021/7/6,御道(
浙江省,上城区,330102,330100,杭州市,330000,元宝塘(地铁站),BV11027464,(在建)6号线二期,交通设施服务,地铁站,地铁站,120.2165981,30.28545408,120.22,30.29,"(120.22, 30.29)",2021/7/6,元宝塘
浙江省,钱塘区,330114,330100,杭州市,330000,云水(地铁站),BV10187370,1号线,交通设施服务,地铁站,地铁站,120.377192,30.30516449,120.38,30.31,"(120.38, 30.31)",2021/7/6,云水(
浙江省,上城区,330102,330100,杭州市,330000,闸弄口地铁站C口,BX10020607,1号线,交通设施服务,地铁站,出入口,120.1869491,30.28618692,120.19,30.29,"(120.19, 30.29)",2021/7/6,闸弄口
浙江省,滨江区,330108,330100,杭州市,330000,长河(地铁站),BV10743530,5号线;6号线,交通设施服务,地铁站,地铁站,120.1903647,30.19984919,120.19,30.2,"(120.19, 30.2)",2021/7/6,长河(
浙江省,拱墅区,330105,330100,杭州市,330000,长乐路(地铁站),BV11009910,(在建)3号线一期,交通设施服务,地铁站,地铁站,120.1442149,30.30211737,120.14,30.3,"(120.14, 30.3)",2021/7/6,长乐路
浙江省,西湖区,330106,330100,杭州市,330000,浙大紫金港地铁站C2口,BX10027027,5号线,交通设施服务,地铁站,出入口,120.0728522,30.29617236,120.07,30.3,"(120.07, 30.3)",2021/7/6,浙大紫
浙江省,西湖区,330106,330100,杭州市,330000,浙工大屏峰·浙外(地铁站),BV11542178,(在建)3号线支线,交通设施服务,地铁站,地铁站,120.0326927,30.22534492,120.03,30.23,"(120.03, 30.23)",2021/7/6,浙工大
浙江省,萧山区,330109,330100,杭州市,330000,振宁路地铁站D2口,BX10013685,2号线,交通设施服务,地铁站,出入口,120.2651739,30.21971389,120.27,30.22,"(120.27, 30.22)",2021/7/6,振宁路
浙江省,西湖区,330106,330100,杭州市,330000,之浦路(地铁站),BV11043953,6号线,交通设施服务,地铁站,地铁站,120.1038536,30.16069128,120.1,30.16,"(120.1, 30.16)",2021/7/6,之浦路
浙江省,西湖区,330106,330100,杭州市,330000,中村(地铁站),BV10844846,6号线,交通设施服务,地铁站,地铁站,120.0340196,30.14963496,120.03,30.15,"(120.03, 30.15)",2021/7/6,中村(
浙江省,拱墅区,330105,330100,杭州市,330000,中河北路(地铁站),BV10898174,2号线,交通设施服务,地铁站,地铁站,120.1677937,30.26695774,120.17,30.27,"(120.17, 30.27)",2021/7/6,中河北
浙江省,余杭区,330110,330100,杭州市,330000,中泰(地铁站),BV11280865,16号线,交通设施服务,地铁站,地铁站,119.9248983,30.24566152,119.92,30.25,"(119.92, 30.25)",2021/7/6,中泰(
浙江省,滨江区,330108,330100,杭州市,330000,中医药大学地铁站A口,BX10024556,4号线;6号线,交通设施服务,地铁站,出入口,120.1418527,30.17919657,120.14,30.18,"(120.14, 30.18)",2021/7/6,中医药
